product_id,product_name,product_slug,collection_name,collection_slug,product_status,reference_number,sku
bf7a0fe1-fbdb-4d24-b1b7-2a1aabedd5d0,IWC Replica Anniversary Series IW505003 Manual-Wind Watch,iwc-replica-anniversary-series-iw505003,Anniversary Series,anniversary-series,published,IW505003,
28425f29-374a-4fbe-ab1f-d30e943ef1b8,IWC Replica IW371601 Anniversary Series Automatic Watch,iwc-replica-iw371601-anniversary-series-automatic-watch,Anniversary Series,anniversary-series,published,IW371601,
38f6b3b6-5932-487a-9934-09be8bb86798,Patek Philippe 4675G-001 Anniversary Series 1:1 Watch,patek-philippe-4675g-001-anniversary-watch,Anniversary Series,anniversary-series,draft,4675G-001,
469d89de-4ee9-4aa5-8db7-add834666389,Patek Philippe Anniversary Series 4675R-001 Replica Watch,patek-philippe-anniversary-series-4675r-001-replica-watch,Anniversary Series,anniversary-series,draft,4675R-001,
a2464c09-f7d9-4e45-906e-ba2bcc8f72a6,Patek Philippe Anniversary Series 5275P-001 Top 1:1 Clone Watch,patek-philippe-anniversary-series-5275p-001-clone-watch,Anniversary Series,anniversary-series,draft,5275P-001,
9dfbb9d6-760b-4fe8-8b03-27d8babe2e13,Patek Philippe Anniversary Series 5575G-001 Replica Watch,patek-philippe-anniversary-series-5575g-001-replica-watch,Anniversary Series,anniversary-series,draft,5575G-001,
72ac7e56-792a-4644-9dac-1a53d3dccd39,Patek Philippe Anniversary Series 5975J-001 Top 1:1 Clone Watch,patek-philippe-anniversary-series-5975j-001-clone-watch,Anniversary Series,anniversary-series,draft,5975J-001,
1dd8d45e-c0e0-406d-a8cf-693e8d510629,Patek Philippe Anniversary Series 5975R-001 Top 1:1 Clone,patek-philippe-anniversary-series-5975r-001-clone,Anniversary Series,anniversary-series,draft,5975R-001,
987f5203-ed3f-47e1-9e01-14544e7e0968,Replica Patek Philippe Anniversary Series 5975G-001,replica-patek-philippe-5975g-001,Anniversary Series,anniversary-series,draft,5975G-001,
62be58bf-413b-4cdd-93f4-d25e2a190f4c,Replica Patek Philippe Anniversary Series 7175R-001,replica-patek-philippe-7175r-001-anniversary-series,Anniversary Series,anniversary-series,draft,7175R-001,
4b1fa403-86eb-4e19-ab32-fe35e510c4aa,IWC Da Vinci Replica IW356601 Automatic Watch,iwc-da-vinci-replica-iw356601,Da Vinci,da-vinci,draft,IW356601,
8277baa2-29d6-41a4-9e31-d08f83adef72,IWC Da Vinci Replica IW356602 Automatic Watch,iwc-da-vinci-replica-iw356602,Da Vinci,da-vinci,draft,IW356602,
b8429aab-dc34-472b-a781-5eaef1fe510c,IWC Da Vinci Replica IW358101 Automatic Watch,iwc-da-vinci-replica-iw358101,Da Vinci,da-vinci,draft,IW358101,
31882b83-addf-46dd-b7d0-284487a6ea76,IWC Da Vinci Replica IW376101 Automatic Watch,iwc-da-vinci-replica-iw376101,Da Vinci,da-vinci,draft,IW376101,
018f7e32-e8a4-422d-80c4-53f44320015c,IWC Da Vinci Replica IW376421 Automatic Watch,iwc-da-vinci-replica-iw376421,Da Vinci,da-vinci,draft,IW376421,
402877d2-9b4e-4480-b65d-c16792c38f02,IWC Da Vinci Replica IW392101 Rose Gold Watch,iwc-da-vinci-replica-iw392101-rose-gold,Da Vinci,da-vinci,draft,IW392101,
f80d4fec-a6a8-4e6b-8966-77a3ab7e6146,IWC Da Vinci Replica IW393402 Automatic Watch,iwc-da-vinci-replica-iw393402,Da Vinci,da-vinci,draft,IW393402,
27917b0f-c635-4dda-aa0d-d12ddf27cced,IWC Da Vinci Replica IW452311 Rose Gold Automatic Watch,iwc-da-vinci-replica-iw452311,Da Vinci,da-vinci,draft,IW452311,
695b000e-81e3-42d9-9460-0b261ddf9238,IWC Da Vinci Replica IW452314 Automatic Watch,iwc-da-vinci-replica-iw452314,Da Vinci,da-vinci,draft,IW452314,
bf599e5c-53f2-4170-9a63-ae483456b5d5,IWC Da Vinci Replica IW458307 Automatic Watch,iwc-da-vinci-replica-iw458307,Da Vinci,da-vinci,draft,IW458307,
1bdb5169-1fc8-4ff1-a041-7255747ad6c8,IWC Da Vinci Replica IW458308 Automatic Watch,iwc-da-vinci-replica-iw458308,Da Vinci,da-vinci,draft,IW458308,
d426eb36-7e72-4590-b405-1c9ba80de3e8,IWC Da Vinci Replica IW458312 Automatic Watch,iwc-da-vinci-replica-iw458312,Da Vinci,da-vinci,draft,IW458312,
45673abf-3e9d-4b86-a8f4-20337874312c,IWC Da Vinci Replica IW459306 Automatic Watch,iwc-da-vinci-replica-iw459306,Da Vinci,da-vinci,draft,IW459306,
d0d6a161-7649-4dd6-ad43-ae1cddc9636f,IWC Da Vinci Replica IW546101 Automatic Watch,iwc-da-vinci-replica-iw546101,Da Vinci,da-vinci,draft,IW546101,
a32bda34-144a-4540-a9fb-217b6a75c89b,IWC Da Vinci Replica W459307 Automatic Watch,iwc-da-vinci-replica-w459307,Da Vinci,da-vinci,draft,W459307,
82ec5303-4b6f-49f2-a301-51fabc055966,Ingenieur Automatic Black Dial Watch,ingenieur-automatic-black-dial-watch,Ingenieur,ingenieur,published,Automatic,TEST-ING-001
1089f16e-f909-45d8-a026-d77dcf657f54,IWC Ingenieur Replica IW322402 Automatic Watch,iwc-ingenieur-replica-iw322402,Ingenieur,ingenieur,draft,IW322402,
47eace35-a6a1-4888-acfb-67367333978d,IWC Ingenieur Replica IW322404 Automatic Watch,iwc-ingenieur-replica-iw322404,Ingenieur,ingenieur,draft,IW322404,
437c9e35-c3a9-4016-a212-d0aa2e81411c,IWC Ingenieur Replica IW322503 Black Ceramic Watch,iwc-ingenieur-replica-iw322503-black-ceramic,Ingenieur,ingenieur,draft,IW322503,
522fdad0-e9c0-4c83-94d7-f7b8dc63d9e7,IWC Ingenieur Replica IW322504 Automatic Brown Watch,iwc-ingenieur-replica-iw322504-automatic-brown-watch,Ingenieur,ingenieur,draft,IW322504,
f384543a-953b-47f9-bda4-c63ffb2bbb14,IWC Ingenieur Replica IW323312 Rose Gold Watch,iwc-ingenieur-replica-iw323312-rose-gold,Ingenieur,ingenieur,draft,IW323312,
bf2019e7-2206-4113-adcb-c578bf3423ba,IWC Ingenieur Replica IW323402 Automatic Watch,iwc-ingenieur-replica-iw323402-automatic-watch,Ingenieur,ingenieur,draft,IW323402,
f4123cbf-346b-4884-ad9e-4bf7557dedb0,IWC Ingenieur Replica IW323601 Automatic Watch,iwc-ingenieur-replica-iw323601,Ingenieur,ingenieur,draft,IW323601,
d4cae10c-6429-439b-9a30-3d84ff88ccbf,IWC Ingenieur Replica IW323902 Automatic Watch,iwc-ingenieur-replica-iw323902,Ingenieur,ingenieur,draft,IW323902,
0033cff5-da54-4a54-a16f-64c08874491e,IWC Ingenieur Replica IW323904 Automatic Watch,iwc-ingenieur-replica-iw323904,Ingenieur,ingenieur,draft,IW323904,
a2b1de20-0004-4488-826c-62ae14911563,IWC Ingenieur Replica IW323909 Automatic Blue Dial Watch,iwc-ingenieur-replica-iw323909-blue-dial-watch,Ingenieur,ingenieur,draft,IW323909,
58d6b78d-fddf-418a-b099-4d03a50532fc,IWC Ingenieur Replica IW328702 Rose Gold Automatic Watch,iwc-ingenieur-replica-iw328702-rose-gold,Ingenieur,ingenieur,draft,IW328702,
f76844aa-d6a2-4f23-b7b1-c7ffb9c286e7,IWC Ingenieur Replica IW328901 Black Dial Watch,iwc-ingenieur-replica-iw328901-black-dial,Ingenieur,ingenieur,draft,IW328901,
796a0023-ba8f-4b5a-ad55-ff0e9d8bf4e5,IWC Ingenieur Replica IW328902 Automatic Watch,iwc-ingenieur-replica-iw328902,Ingenieur,ingenieur,draft,IW328902,
46163a64-00dd-481c-826c-803b95d8f670,IWC Ingenieur Replica IW328903 Green Dial Watch,iwc-ingenieur-replica-iw328903-green-dial,Ingenieur,ingenieur,draft,IW328903,
3d350af7-5e8c-4976-be06-67552de0fdbd,IWC Ingenieur Replica IW328904 Titanium Automatic Watch,iwc-ingenieur-replica-iw328904-titanium,Ingenieur,ingenieur,draft,IW328904,
163d9537-a07b-4721-a2cc-e1e3cfa9595d,IWC Ingenieur Replica IW328907 Blue Dial Watch,iwc-ingenieur-replica-iw328907-blue-dial,Ingenieur,ingenieur,draft,IW328907,
2363324f-ceda-4a88-8f4e-14ca20599d38,IWC Ingenieur Replica IW357001 Automatic Watch,iwc-ingenieur-replica-iw357001,Ingenieur,ingenieur,draft,IW357001,
af9b026a-654a-40cb-be13-c74ee6365622,IWC Ingenieur Replica IW357002 Automatic Watch,iwc-ingenieur-replica-iw357002,Ingenieur,ingenieur,draft,IW357002,
5f44880f-4e56-410e-b13c-a43f597f9a95,IWC Ingenieur Replica IW357003 Rose Gold Automatic Watch,iwc-ingenieur-replica-iw357003,Ingenieur,ingenieur,draft,IW357003,
f9085953-f110-4fc1-a421-0b89a2513784,IWC Ingenieur Replica IW376501 Automatic Watch,iwc-ingenieur-replica-iw376501,Ingenieur,ingenieur,draft,IW376501,
1069724e-68b0-4603-a3ab-4b4d8a4cf741,IWC Ingenieur Replica IW378505,iwc-ingenieur-replica-iw378505,Ingenieur,ingenieur,draft,IW378505,
1664c4d7-8bc7-439d-ac99-1f296bd68d83,IWC Ingenieur Replica IW378507 Automatic Watch,iwc-ingenieur-replica-iw378507,Ingenieur,ingenieur,draft,IW378507,
b593cb95-e16b-4622-a1ba-9fe474ba0a5a,IWC Ingenieur Replica IW378508 Automatic Watch,iwc-ingenieur-replica-iw378508,Ingenieur,ingenieur,draft,IW378508,
acddc112-b8e6-401a-91fe-c0035901cd48,IWC Ingenieur Replica IW378509 Automatic Watch,iwc-ingenieur-replica-iw378509,Ingenieur,ingenieur,draft,IW378509,
d101918f-bbef-4c84-8d62-8b186cb35eef,IWC Ingenieur Replica IW378511 Brown Automatic Watch,iwc-ingenieur-replica-iw378511-brown-automatic,Ingenieur,ingenieur,draft,IW378511,
c25b37e9-06f9-4abb-84f3-c4a24d782b01,IWC Ingenieur Replica IW380701 Automatic Watch,iwc-ingenieur-replica-iw380701,Ingenieur,ingenieur,draft,IW380701,
b9221723-4099-4327-a197-3275c2313b80,IWC Ingenieur Replica IW380702 Automatic Watch,iwc-ingenieur-replica-iw380702,Ingenieur,ingenieur,draft,IW380702,
562299e1-758f-427c-9d92-5dc04074a794,IWC Ingenieur Replica IW380802 Automatic Blue Dial Watch,iwc-ingenieur-replica-iw380802-blue-dial,Ingenieur,ingenieur,draft,IW380802,
4f440986-4a5a-4f6c-89ee-5729d871f5e2,IWC Ingenieur Replica IW380803 Automatic Watch,iwc-ingenieur-replica-iw380803,Ingenieur,ingenieur,draft,IW380803,
1837ffdd-be53-4366-92de-feb9da29893a,IWC Ingenieur Replica IW380804 Green Dial Automatic Watch,iwc-ingenieur-replica-iw380804-green-dial,Ingenieur,ingenieur,published,IW380804,
da0f3775-bf49-4280-b0b5-e62fb67abe89,Breitling Endurance Pro X82310D51B1S2 1:1 Watches,breitling-endurance-pro-x82310d51b1s2,Pilots,pilots,draft,X82310D51B1S2,
619febe3-abbc-4621-9fdd-4fe1470dff90,Breitling Endurance Pro X82310D51B1S2 Replica,breitling-endurance-pro-x82310d51b1s2-2,Pilots,pilots,draft,X82310D51B1S2,
c986b521-a257-4e34-91bc-fa1541a1f2b5,IWC Big Pilot Replica IW503004 Ceramic Men's Watch,iwc-big-pilot-iw503004-replica,Pilots,pilots,draft,IW503004,
03293538-7aa4-48d2-b75f-9f40302ea654,IWC Big Pilot Replica IW326201,iwc-big-pilot-replica-iw326201,Pilots,pilots,draft,IW326201,
24464839-601f-414e-b501-ecd2ac91c45f,IWC Big Pilot Replica IW379103 Rose Gold,iwc-big-pilot-replica-iw379103,Pilots,pilots,draft,IW379103,
8e856636-7762-4245-8e37-377e9dce54dd,IWC Big Pilot Replica IW379107,iwc-big-pilot-replica-iw379107,Pilots,pilots,draft,IW379107,
d68b5c2a-3ada-4c8c-beb7-e261bff89a26,IWC Big Pilot Replica IW500401,iwc-big-pilot-replica-iw500401,Pilots,pilots,draft,IW500401,
760765e8-436d-4a21-ba54-48d5f6cbb4ea,IWC Big Pilot Replica IW500901,iwc-big-pilot-replica-iw500901,Pilots,pilots,draft,IW500901,
ec04f22b-ed4c-4c92-a052-da977affde39,IWC Big Pilot Replica IW500906,iwc-big-pilot-replica-iw500906,Pilots,pilots,draft,IW500906,
211b5986-7a0a-44b4-9d07-995cb139509f,IWC Big Pilot Replica IW500908,iwc-big-pilot-replica-iw500908,Pilots,pilots,draft,IW500908,
428ac1b3-a6cb-40a0-9c86-dd1fafd9bfa2,IWC Big Pilot Replica IW500912,iwc-big-pilot-replica-iw500912,Pilots,pilots,draft,IW500912,
188dca81-495a-4324-b929-5cd838639c80,IWC Big Pilot Replica IW500916 Blue Dial,iwc-big-pilot-replica-iw500916,Pilots,pilots,draft,IW500916,
f23b671f-5abc-423f-b1ef-0f8c0134d2bd,IWC Big Pilot Replica IW500917 Rose Gold,iwc-big-pilot-replica-iw500917,Pilots,pilots,draft,IW500917,
1d0a12f7-0357-4e30-9827-2610bf6b5c6a,IWC Big Pilot Replica IW501001,iwc-big-pilot-replica-iw501001,Pilots,pilots,draft,IW501001,
cc37578a-7087-453f-830f-cefa3407a70e,IWC Big Pilot Replica IW501002 Watch,iwc-big-pilot-replica-iw501002,Pilots,pilots,draft,IW501002,
7cd6ce5e-e6f1-48ba-8797-22ca531c7432,IWC Big Pilot Replica IW501004,iwc-big-pilot-replica-iw501004,Pilots,pilots,draft,IW501004,
1efe455b-5e12-41c6-84b9-759f1ca2fb02,IWC Big Pilot Replica IW501005 Bronze,iwc-big-pilot-replica-iw501005,Pilots,pilots,draft,IW501005,
3536e4e7-8ec0-4544-b1cc-d51e3253c666,IWC Big Pilot Replica IW501201 Armor Gold,iwc-big-pilot-replica-iw501201,Pilots,pilots,draft,IW501201,
0130fcbd-6da8-4977-b642-7fa52296196a,IWC Big Pilot Replica IW501901,iwc-big-pilot-replica-iw501901,Pilots,pilots,draft,IW501901,
e06f243f-1b05-48f5-978d-a3268d85f868,IWC Big Pilot Replica IW501902,iwc-big-pilot-replica-iw501902,Pilots,pilots,draft,IW501902,
b7bd0800-7a6c-4de2-8b57-baf1a73a8a58,IWC Big Pilot Replica IW501903 Ceramic Watch,iwc-big-pilot-replica-iw501903,Pilots,pilots,draft,IW501903,
8a61d07f-e447-4969-89e0-333a693dafdd,IWC Big Pilot Replica IW502001,iwc-big-pilot-replica-iw502001,Pilots,pilots,draft,IW502001,
2bb72a94-3c6e-4b26-90a5-c977df6d973c,IWC Big Pilot Replica IW502003 Ceramic Blue Dial,iwc-big-pilot-replica-iw502003,Pilots,pilots,draft,IW502003,
122c4292-8382-4580-a733-04eb7573d9f1,IWC Big Pilot Replica IW502639 Rose Gold,iwc-big-pilot-replica-iw502639,Pilots,pilots,draft,IW502639,
3bdfa98d-7a40-47b0-a2fe-55c019563b71,IWC Big Pilot Replica IW502701 Rose Gold,iwc-big-pilot-replica-iw502701,Pilots,pilots,draft,IW502701,
06bcdc5b-157f-4674-ba5f-38328a0b9073,IWC Big Pilot Replica IW502701 Rose Gold,iwc-big-pilot-replica-iw502701-2,Pilots,pilots,draft,IW502701,
82abf0f8-cc19-4440-a64f-408b349ad11f,IWC Big Pilot Replica IW502702 Dark Grey Dial,iwc-big-pilot-replica-iw502702,Pilots,pilots,draft,IW502702,
24ab8f40-e5b1-40dd-8cbe-aa82d81b6499,IWC Big Pilot Replica IW502702,iwc-big-pilot-replica-iw502702-2,Pilots,pilots,draft,IW502702,
b48c8284-35ad-4a77-8acf-e7951c43cc63,IWC Big Pilot Replica IW502703 White Gold,iwc-big-pilot-replica-iw502703,Pilots,pilots,draft,IW502703,
f29a0ab2-9690-44aa-af99-4e9c45136779,IWC Big Pilot Replica IW502703 White Gold,iwc-big-pilot-replica-iw502703-2,Pilots,pilots,draft,IW502703,
485f3eda-d4c3-46e7-81bb-9d5d7f405085,IWC Big Pilot Replica IW502706 18kt Rose Gold,iwc-big-pilot-replica-iw502706,Pilots,pilots,draft,IW502706,
cd476b0b-4781-4852-981f-52932947cd67,IWC Big Pilot Replica IW502706 18kt Rose Gold,iwc-big-pilot-replica-iw502706-2,Pilots,pilots,draft,IW502706,
49f9a57b-1379-48cd-8f91-10c3f3166793,IWC Big Pilot Replica IW502802 Rose Gold,iwc-big-pilot-replica-iw502802,Pilots,pilots,draft,IW502802,
bbf8599a-196e-4f66-ac10-d5a6fd231353,IWC Big Pilot Replica IW502802 18kt Rose Gold,iwc-big-pilot-replica-iw502802-2,Pilots,pilots,draft,IW502802,
5bdf6d79-4b2c-4d51-8216-aadf0c04faf6,IWC Big Pilot Replica IW502902 Ceramic Pilot's Watch,iwc-big-pilot-replica-iw502902,Pilots,pilots,draft,IW502902,
d70cb104-fca1-436e-b61e-a88c0e62f290,IWC Big Pilot Replica IW502902 Ceramic Watch,iwc-big-pilot-replica-iw502902-2,Pilots,pilots,draft,IW502902,
29325f40-5490-4fd4-be0c-df70a2dfdfb3,IWC Big Pilot Replica IW502903 Ceramic Automatic,iwc-big-pilot-replica-iw502903,Pilots,pilots,draft,IW502903,
05ca6c0e-963c-4ced-a517-9c380e549f03,IWC Big Pilot Replica IW502903 Ceramic Watch,iwc-big-pilot-replica-iw502903-2,Pilots,pilots,draft,IW502903,
247b8d21-fb86-48b0-af31-e9aa3fc6dfc2,IWC Big Pilot Replica IW503605,iwc-big-pilot-replica-iw503605,Pilots,pilots,draft,IW503605,
181eb07e-3ef2-4e9c-a02b-329e3b5ace95,IWC Big Pilot Replica IW503608 Green Perpetual Calendar,iwc-big-pilot-replica-iw503608-green,Pilots,pilots,draft,IW503608,
bd1ae429-e45f-4726-8a42-83515b103391,IWC Big Pilot Replica IW503801 Dark Brown Watch,iwc-big-pilot-replica-iw503801,Pilots,pilots,draft,IW503801,
003d47c3-ded5-4b7e-b69d-e63b9575aa32,IWC Big Pilot Replica IW503801,iwc-big-pilot-replica-iw503801-2,Pilots,pilots,draft,IW503801,
fb8ca0e2-247b-4d2d-b61f-ce7ece80b01d,IWC Big Pilot Replica IW506003 Dark Brown Ceramic,iwc-big-pilot-replica-iw506003,Pilots,pilots,draft,IW506003,
63c544f6-f655-4e55-810c-d53d155a6f56,IWC Big Pilot Replica IW510301,iwc-big-pilot-replica-iw510301,Pilots,pilots,draft,IW510301,
8e753f94-55aa-4b00-a6eb-25f3d9ac6432,IWC Big Pilot Replica IW510301,iwc-big-pilot-replica-iw510301-2,Pilots,pilots,draft,IW510301,
dc989d10-282b-459b-918b-d3247095d011,IWC Le Petit Prince Replica IW328221,iwc-le-petit-prince-replica-iw328221,Pilots,pilots,draft,IW328221,
a3dc7011-20a1-41f6-a62a-b34bbd3c1e46,IWC Mark XVIII Replica IW327001,iwc-mark-xviii-replica-iw327001,Pilots,pilots,draft,IW327001,
7deeea38-48a3-4cbd-b444-047cfe0f8d27,IWC Pilot Chronograph Replica IW388111,iwc-pilot-chronograph-iw388111,Pilots,pilots,draft,IW388111,
77589e64-4e5e-4785-9ad5-6bf6ddad2644,IWC Pilot Chronograph Replica IW388306,iwc-pilot-chronograph-iw388306,Pilots,pilots,draft,IW388306,
8a397922-8cb0-4ddc-982a-6c2780633420,IWC Pilot Chronograph Replica IW377709,iwc-pilot-chronograph-replica-iw377709,Pilots,pilots,draft,IW377709,
1898f213-4abf-4dec-a22e-b8821d30ce87,IWC Pilot Chronograph Replica IW377710,iwc-pilot-chronograph-replica-iw377710,Pilots,pilots,draft,IW377710,
080a8dc1-6b30-4e09-b3b7-2a629015ec22,IWC Pilot Chronograph Replica IW377713 Brown Dial,iwc-pilot-chronograph-replica-iw377713,Pilots,pilots,draft,IW377713,
a4bcb087-221c-4ecd-aca3-070d1b38781c,IWC Pilot Chronograph Replica IW377714,iwc-pilot-chronograph-replica-iw377714,Pilots,pilots,draft,IW377714,
3845bbed-9917-4d98-ae3f-1de9d17bde7e,IWC Pilot Chronograph Replica IW377725 White Dial,iwc-pilot-chronograph-replica-iw377725,Pilots,pilots,draft,IW377725,
5e7eed24-d8c5-40ce-8196-0c3c7891d4ed,IWC Pilot Chronograph Replica IW377903,iwc-pilot-chronograph-replica-iw377903,Pilots,pilots,draft,IW377903,
48d6c383-d4cd-4c8d-b32d-5e9dcff77d6f,IWC Pilot Chronograph Replica IW378001,iwc-pilot-chronograph-replica-iw378001,Pilots,pilots,draft,IW378001,
8c6767a5-8efe-42fd-b10f-5c7db53b106c,IWC Pilot Chronograph Replica IW378003 Dark Blue,iwc-pilot-chronograph-replica-iw378003,Pilots,pilots,draft,IW378003,
f82d3f0d-a5f6-488f-8f0a-281dd2124097,IWC Pilot Chronograph Replica IW378009,iwc-pilot-chronograph-replica-iw378009,Pilots,pilots,draft,IW378009,
3cd3e79a-8490-41da-99a7-9400f23919fa,IWC Pilot Chronograph Replica IW387802,iwc-pilot-chronograph-replica-iw387802,Pilots,pilots,draft,IW387802,
717bb594-dbc8-40ba-a343-d1ce635a062b,IWC Pilot Chronograph Replica IW388116,iwc-pilot-chronograph-replica-iw388116,Pilots,pilots,draft,IW388116,
37d01cb8-e605-46f3-a09e-133c4c2bc7aa,IWC Pilot Chronograph Replica IW388305,iwc-pilot-chronograph-replica-iw388305,Pilots,pilots,draft,IW388305,
6444fd0f-7b68-4d3a-90f6-67d975ff695e,IWC Pilot Chronograph Replica IW389401 Ceramic,iwc-pilot-chronograph-replica-iw389401,Pilots,pilots,draft,IW389401,
31869940-e586-4b31-a80b-2d10ede621b6,IWC Pilot Chronograph Replica IW389411 George Russell,iwc-pilot-chronograph-replica-iw389411,Pilots,pilots,draft,IW389411,
677a7ef0-11e1-4425-90aa-071744aac0e6,IWC Pilot Replica IW324002 Automatic Watch,iwc-pilot-iw324002-replica-watch,Pilots,pilots,draft,IW324002,
490f3a16-49ca-4d0b-a5d3-d8fb016d9084,IWC Replica Watch IW324008 Blue Pilot Automatic,iwc-pilot-iw324008-blue-automatic-replica,Pilots,pilots,draft,IW324008,
6a5bef0d-ae11-4b31-80f6-9ba7537c68de,IWC Replica IW388117 Pilot - Blue Dial Automatic,iwc-pilot-iw388117-replica,Pilots,pilots,draft,IW388117,
1426b9d6-0f6e-46bc-ba18-bce34aad969b,IWC Pilot Replica IW324001 Automatic Watch,iwc-pilot-replica-iw324001,Pilots,pilots,draft,IW324001,
4386ac98-f228-457e-a297-b58d5f26dcd8,IWC Pilot Replica IW324006 36 mm Automatic Watch,iwc-pilot-replica-iw324006,Pilots,pilots,draft,IW324006,
ea15c454-8c65-401f-8de3-de5f57c2757c,IWC Pilot Replica IW324702 Ceramic Automatic Watch,iwc-pilot-replica-iw324702,Pilots,pilots,draft,IW324702,
bef28c44-3c27-4ce5-9039-59afe4ef120d,IWC Pilot Replica IW324703 Blue Dial,iwc-pilot-replica-iw324703,Pilots,pilots,draft,IW324703,
cc48d3ee-4822-4af6-b755-120cee508d8e,IWC Pilot Replica IW324711,iwc-pilot-replica-iw324711,Pilots,pilots,draft,IW324711,
683f7500-2435-43e8-b5c8-15bb7efb6a2d,IWC Pilot Replica IW324712 Ceramic Men's Watch,iwc-pilot-replica-iw324712,Pilots,pilots,draft,IW324712,
ea6dac6f-c3fe-494c-a233-6d76b2f9c8ec,IWC Pilot Replica IW325501,iwc-pilot-replica-iw325501,Pilots,pilots,draft,IW325501,
dd3eb49e-4f2d-41dd-be4f-bc769b15c078,IWC Pilot Replica IW325519 Silver Dial Automatic,iwc-pilot-replica-iw325519,Pilots,pilots,draft,IW325519,
62be5bc6-e33a-43b3-8c1b-b08b235b7e88,IWC Pilot Replica IW326102 18kt White Gold,iwc-pilot-replica-iw326102,Pilots,pilots,draft,IW326102,
9b3ed84b-a072-444e-9424-cfdc9b599d31,IWC Pilot Replica IW326504 41mm Automatic,iwc-pilot-replica-iw326504,Pilots,pilots,draft,IW326504,
8d780029-4415-496b-9afc-e6004b80a4fb,IWC Pilot Replica IW326806 Bronze Automatic,iwc-pilot-replica-iw326806,Pilots,pilots,draft,IW326806,
0ff5c147-02fb-48c6-97af-ca9bc84d19a2,IWC Pilot Replica IW326906 Men's Ceramic Watch,iwc-pilot-replica-iw326906,Pilots,pilots,draft,IW326906,
1446bbed-51f6-4eba-a919-1401ababf20c,IWC Pilot Replica IW327002 White Dial 40mm Watch,iwc-pilot-replica-iw327002,Pilots,pilots,draft,IW327002,
db46fe96-1a74-46d0-9298-40e3e6f6ca9a,IWC Pilot Replica IW327003 Dark Brown,iwc-pilot-replica-iw327003,Pilots,pilots,draft,IW327003,
1f1eb787-3e5c-4b4b-a5a3-868659db9284,IWC Pilot Replica IW327004 Blue Dial,iwc-pilot-replica-iw327004,Pilots,pilots,draft,IW327004,
1a936dd8-1bb7-4e4c-a63f-dd9bbe53d752,IWC Pilot Replica IW327006 Automatic,iwc-pilot-replica-iw327006,Pilots,pilots,draft,IW327006,
832681dd-8e61-44f1-b195-cd9efd3e3235,IWC Pilot Replica IW327009,iwc-pilot-replica-iw327009,Pilots,pilots,draft,IW327009,
33708e08-5d25-428a-b819-f0ddeb4bb4d2,IWC Pilot Replica IW327010 Blue Dial 40mm,iwc-pilot-replica-iw327010,Pilots,pilots,draft,IW327010,
3c57babe-9132-46d0-b308-6f6db628b722,IWC Pilot Replica IW327011 Black Dial Steel Watch,iwc-pilot-replica-iw327011,Pilots,pilots,draft,IW327011,
c9e85d1c-f7ed-45fc-b3e3-c45c30c43af4,IWC Pilot Replica IW327012 White Dial Watch,iwc-pilot-replica-iw327012,Pilots,pilots,draft,IW327012,
ea01f773-3285-4194-ae52-b6a736511488,IWC Pilot Replica IW327014 Blue Dial,iwc-pilot-replica-iw327014,Pilots,pilots,draft,IW327014,
dcb4b96d-42a6-4a7d-99e9-943fe30658f5,IWC Pilot Replica IW327015 Black Dial Steel Watch,iwc-pilot-replica-iw327015,Pilots,pilots,draft,IW327015,
92384efd-6300-4c47-a461-3836666d61e8,IWC Pilot Replica IW327017 40mm Silver Dial,iwc-pilot-replica-iw327017,Pilots,pilots,draft,IW327017,
2264b700-8738-4ea7-b52a-f7b10f06f75e,IWC Pilot Replica IW327101 Bronze Green Dial,iwc-pilot-replica-iw327101-bronze,Pilots,pilots,draft,IW327101,
660a21d8-9d13-4b08-8c94-36c20deb89f0,IWC Pilot Replica IW328101 Blue Ceramic Watch,iwc-pilot-replica-iw328101,Pilots,pilots,draft,IW328101,
4d1f3645-947c-40e8-a3d1-55d6d783fa7a,IWC Pilot Replica IW328106 Ceramic Men's Watch,iwc-pilot-replica-iw328106,Pilots,pilots,draft,IW328106,
fa2e5dc9-1d3f-40e6-96df-cff06332992e,IWC Pilot Replica IW328201 Black Dial Steel Watch,iwc-pilot-replica-iw328201,Pilots,pilots,draft,IW328201,
a60ada7f-1940-4be8-a91d-8c2433e2dd9b,IWC Pilot Replica IW328202 40mm Automatic,iwc-pilot-replica-iw328202,Pilots,pilots,draft,IW328202,
24383fa4-dc90-4030-99c6-1a57d40e017d,IWC Pilot Replica IW328205 Green Dial 40mm,iwc-pilot-replica-iw328205,Pilots,pilots,draft,IW328205,
03025bcd-0eff-4eda-8c4d-8837d9b60e49,IWC Pilot Replica IW328207 White Dial,iwc-pilot-replica-iw328207,Pilots,pilots,draft,IW328207,
25e6af5e-414e-40e2-aaa3-48503dacd45d,IWC Pilot Replica IW329301,iwc-pilot-replica-iw329301,Pilots,pilots,draft,IW329301,
e9960f20-c40c-40d8-bdd0-e62af3a95bc0,IWC Pilot Replica IW329303 Blue Automatic,iwc-pilot-replica-iw329303,Pilots,pilots,draft,IW329303,
162c0109-7999-4189-b119-929f785d5112,IWC Pilot Replica IW329304 Blue Dial,iwc-pilot-replica-iw329304,Pilots,pilots,draft,IW329304,
1263940c-c9d3-41bd-822e-70b33d550c31,IWC Pilot Replica IW329306 Green Dial,iwc-pilot-replica-iw329306,Pilots,pilots,draft,IW329306,
5ed4714d-5d17-49e0-a434-659ee3f88c58,IWC Pilot Replica IW329702 Bronze Green Dial,iwc-pilot-replica-iw329702-bronze-green,Pilots,pilots,draft,IW329702,
2b87d540-109c-4738-8e9c-ada53da610f1,IWC Pilot Replica IW329703 Bronze Automatic,iwc-pilot-replica-iw329703-bronze,Pilots,pilots,draft,IW329703,
6c22b9be-939d-4ff4-882f-36c2afd67b65,IWC Pilot Replica IW329801 Ceramic Men's Watch,iwc-pilot-replica-iw329801,Pilots,pilots,draft,IW329801,
70a157b8-b7f9-4960-9872-f690f80c9e59,IWC Replica Watch IW371802 Pilot Silver Dial,iwc-pilot-replica-iw371802,Pilots,pilots,draft,IW371802,
ea8d8473-51b9-4e0c-9cc3-92d64d90fd8e,IWC Pilot Replica IW371806 Silver Dial,iwc-pilot-replica-iw371806,Pilots,pilots,draft,IW371806,
ec334efb-c3f7-4b2c-bc35-bf42ff7b3c8a,IWC Pilot Replica IW377701 Black Dial Automatic,iwc-pilot-replica-iw377701,Pilots,pilots,draft,IW377701,
442479a5-5301-4696-a7e2-569167efd9eb,IWC Pilot Replica IW377706 Blue Dial Watch,iwc-pilot-replica-iw377706,Pilots,pilots,draft,IW377706,
640d2512-8cb2-41b5-a8ff-39e2aa761b2c,IWC Pilot Replica IW377717 Blue Dial 43mm,iwc-pilot-replica-iw377717,Pilots,pilots,draft,IW377717,
209eda93-abb9-417f-a807-27d990286c1a,IWC Pilot Replica IW377721,iwc-pilot-replica-iw377721,Pilots,pilots,draft,IW377721,
3878f911-3d5b-4fbd-b619-7c00bf08956a,IWC Pilot Replica IW377724 Black Dial Green Strap,iwc-pilot-replica-iw377724,Pilots,pilots,draft,IW377724,
23704e44-3802-47a0-8f68-ce4aae041bc7,IWC Pilot Replica IW377726 Green Dial,iwc-pilot-replica-iw377726,Pilots,pilots,draft,IW377726,
49f16109-9a9e-4cf1-826b-954045512e7e,IWC Pilot Replica IW377801 Chronograph,iwc-pilot-replica-iw377801,Pilots,pilots,draft,IW377801,
4368db6f-77f9-4b65-a868-2787617f1742,IWC Pilot Replica IW378004,iwc-pilot-replica-iw378004,Pilots,pilots,draft,IW378004,
3456c324-1aad-413c-82f0-ae61e3126cf2,IWC Pilot Replica IW378005 Green Dial Chronograph,iwc-pilot-replica-iw378005,Pilots,pilots,draft,IW378005,
2fb9589f-2093-414e-b0a1-26bb5dfde36d,IWC Pilot Replica IW387804 Gray Dial,iwc-pilot-replica-iw387804,Pilots,pilots,draft,IW387804,
067309ec-e0cc-46bc-b34c-3b41dcf7b0d2,IWC Pilot Replica IW387901,iwc-pilot-replica-iw387901,Pilots,pilots,draft,IW387901,
34ca40c2-905d-4c09-9a81-8b0fdf6a189a,IWC Pilot Replica IW387905 Titanium Men's Watch,iwc-pilot-replica-iw387905,Pilots,pilots,draft,IW387905,
61446d82-c50c-4efe-a44d-3fb8fbc3fe83,IWC Pilot Replica IW388006 - Ceramic Brown Dial,iwc-pilot-replica-iw388006,Pilots,pilots,draft,IW388006,
bfbcc143-7fa1-4682-923d-6a55feca349d,IWC Pilot Replica IW388101 Blue Dial,iwc-pilot-replica-iw388101,Pilots,pilots,draft,IW388101,
333f9f4c-9324-475e-9880-678a9926609c,IWC Pilot Replica IW388102 Blue Dial,iwc-pilot-replica-iw388102,Pilots,pilots,draft,IW388102,
33b54aac-d28d-47c4-99b8-58cc4ab3ec6c,IWC Pilot Replica IW388103 Green Dial,iwc-pilot-replica-iw388103,Pilots,pilots,draft,IW388103,
3d4a350e-bb0b-4222-9dc3-0946256a6967,IWC Pilot Replica IW388108 Chronograph,iwc-pilot-replica-iw388108,Pilots,pilots,draft,IW388108,
05e65b10-5649-4d8d-8487-d7d3345d5cbe,IWC Pilot Replica IW388110 Rose Gold Green Dial,iwc-pilot-replica-iw388110,Pilots,pilots,draft,IW388110,
37da924e-c1be-4e81-8895-6136ec1642c5,IWC Pilot Replica IW388113 Stainless Steel,iwc-pilot-replica-iw388113,Pilots,pilots,draft,IW388113,
74a6fea8-bb8c-47ba-b95d-42d91df70280,IWC Pilot Replica IW389402 Ceramic Men's Watch,iwc-pilot-replica-iw389402,Pilots,pilots,draft,IW389402,
eaa55964-be1e-43e0-a1a8-716a1fce33b1,IWC Pilot Replica IW389409 Men's Ceramic Watch,iwc-pilot-replica-iw389409,Pilots,pilots,draft,IW389409,
506c12fb-eb23-4402-8bb0-6207302bfa9e,IWC Pilot Replica IW395001,iwc-pilot-replica-iw395001,Pilots,pilots,draft,IW395001,
2a016585-bf27-4227-8500-51a4a839335b,IWC Pilot Replica IW395505 Titanium Automatic,iwc-pilot-replica-iw395505,Pilots,pilots,draft,IW395505,
d9cd7f2c-a39e-4e38-b9b6-430df18f0718,IWC Replica Watch – Pilots IW324007 Top 1:1 Clone,iwc-pilots-iw324007-replica-watch,Pilots,pilots,draft,IW324007,
428e890f-34fc-422c-8417-f17413552c51,Replica IWC Pilot Watch IW389001,iwc-pilots-iw389001-replica,Pilots,pilots,draft,IW389001,
2591d283-0d19-456e-9573-88ffd4551ae4,IWC Replica IW389109 Men's Pilot Watch,iwc-pilots-iw389109-replica,Pilots,pilots,draft,IW389109,
412d1055-a9af-4dc3-bbb4-2cd3f0f4f1e9,IWC Big Pilot Replica IW395503,iwc-pilots-iw395503-big-pilot-replica,Pilots,pilots,draft,IW395503,
fbdd06ca-3ec4-4adc-8c19-7ca213b7d2b8,IWC Replica Big Pilot IW501019 Men's Titanium Watch,iwc-replica-big-pilot-iw501019,Pilots,pilots,draft,IW501019,
c0f3feb1-2b97-409a-b6b2-16dbb975596c,IWC Replica IW326805 Pilot's Watch,iwc-replica-iw326805-pilots,Pilots,pilots,draft,IW326805,
f6abe588-c8b0-401a-86a9-07fe8b80cd42,IWC Replica IW326905 Ceramic White Dial,iwc-replica-iw326905,Pilots,pilots,draft,IW326905,
3efb9ca6-88b5-454b-b304-0a8d2dacb7f9,IWC Replica IW327016 Blue Dial Pilot's Watch,iwc-replica-iw327016-blue-dial-pilot,Pilots,pilots,draft,IW327016,
d7f970b6-d608-47c8-aa9f-6323a893a5fd,IWC Replica IW377704 Pilot Chronograph,iwc-replica-iw377704-pilot-chronograph,Pilots,pilots,draft,IW377704,
0a5c141d-af46-4730-8f54-1db1070e8a9a,IWC Replica IW377719 Pilot Chronograph,iwc-replica-iw377719-pilot-chronograph,Pilots,pilots,draft,IW377719,
e08fd53a-41cc-4bdd-afc2-be69cf50734c,IWC Replica IW388003 Ceramic Pilot Watch,iwc-replica-iw388003-ceramic-pilot,Pilots,pilots,draft,IW388003,
8af92f48-d594-4a59-b194-05a831a4d537,IWC Replica Top Gun IW389101 Ceramic Pilot Watch,iwc-replica-iw389101-ceramic-pilot,Pilots,pilots,draft,IW389101,
2f9aab8e-45b2-4113-bf3e-afc0aefc8af5,IWC Replica IW389404 Ceramic Pilot Chronograph,iwc-replica-iw389404-ceramic-pilot-chronograph,Pilots,pilots,draft,IW389404,
6367f7ee-51e6-479d-b46a-7b1b1abead6a,IWC Replica Pilot Chronograph IW378006,iwc-replica-pilot-chronograph-iw378006,Pilots,pilots,draft,IW378006,
bce0b0cf-0f4e-4ac0-9489-ecc96e3d5ae1,IWC Replica Pilot IW329701 Titanium Automatic,iwc-replica-pilot-iw329701,Pilots,pilots,draft,IW329701,
8e0f6ed8-df8d-44cb-b83a-0480b3083d3b,IWC Replica Watch IW371808,iwc-replica-pilot-iw371808,Pilots,pilots,draft,IW371808,
b5aa532e-6da6-4549-99d1-1eedf51f6f04,IWC Replica Pilot IW388104 Green Dial,iwc-replica-pilot-iw388104,Pilots,pilots,draft,IW388104,
5f24a80e-4522-46c6-b38a-7dd071d230e2,IWC Replica Pilots IW326801 Watch,iwc-replica-pilots-iw326801,Pilots,pilots,draft,IW326801,
cc4d1681-2d8d-4703-aab1-7e93820bfe3e,IWC Replica Pilots IW387806,iwc-replica-pilots-iw387806,Pilots,pilots,draft,IW387806,
4c7fd982-d35c-4254-aac8-a67882d53c14,IWC Replica Pilots IW388001 Watch,iwc-replica-pilots-iw388001,Pilots,pilots,draft,IW388001,
eb9acdbf-06a6-4616-84de-0fc9c601ee45,IWC Replica Pilot's Watch Mark XX IW328203,iwc-replica-pilots-mark-xx-iw328203,Pilots,pilots,draft,IW328203,
4ffa9f9a-9c79-442c-8a25-a8661d5d92da,IWC Replica TOP GUN Woodland Chronograph IW389106,iwc-replica-top-gun-woodland-iw389106,Pilots,pilots,draft,IW389106,
90c21fbb-e2c7-4157-afd9-5cf88926ef93,IWC Top Gun Replica IW388002 Ceramic Pilot Watch,iwc-top-gun-replica-iw388002,Pilots,pilots,draft,IW388002,
f13e28c7-83b0-4eec-a678-40ecbbbba693,IWC Top Gun Replica IW389105 Lake Tahoe Chronograph,iwc-top-gun-replica-iw389105,Pilots,pilots,draft,IW389105,
fa0ee13f-faf4-40dc-98da-ad65d6424f39,IWC Top Gun Replica IW389107 Ceramic Pilot Watch,iwc-top-gun-replica-iw389107,Pilots,pilots,draft,IW389107,
53564919-918f-49ff-b38f-c2f96f375c77,Longines Pilots L2.838.1.53.2 Titanium Automatic Replica,longines-pilots-l2-838-1-53-2,Pilots,pilots,draft,L2.838.1.53.2,
ab9f0a88-d57e-4431-a244-1aa14bf7ed8c,Replica IWC Pilot Watch IW324010 Ladies 36mm,replica-iwc-pilot-watch-iw324010,Pilots,pilots,draft,IW324010,
59a1060a-aa06-496e-a5e7-5c9df9234ea8,Replica IWC Pilot Watch IW325401,replica-iwc-pilot-watch-iw325401,Pilots,pilots,draft,IW325401,
5490ed0f-bed6-40ae-bf62-db31d02840d2,Replica IWC Pilot Watch IW325504,replica-iwc-pilot-watch-iw325504,Pilots,pilots,draft,IW325504,
12d400c6-5518-40b9-91fa-87ba72145b0b,Replica IWC Pilot Watch IW326501,replica-iwc-pilot-watch-iw326501,Pilots,pilots,draft,IW326501,
941ed11b-f7c9-4c3d-ab6a-ddeb7f6da862,Replica IWC Pilot Watch IW326901,replica-iwc-pilot-watch-iw326901,Pilots,pilots,draft,IW326901,
ef2bfed8-5fdb-4911-9961-fe5b5997a774,Replica IWC Pilot Watch IW327007,replica-iwc-pilot-watch-iw327007,Pilots,pilots,draft,IW327007,
c579af15-bb32-4a13-9e64-48d4070e05a4,Replica IWC Pilot Watch IW328107 Ceramic,replica-iwc-pilot-watch-iw328107,Pilots,pilots,draft,IW328107,
28dd8a20-b9bc-411c-af98-f5166f505e85,Replica IWC Pilot Watch IW328208,replica-iwc-pilot-watch-iw328208,Pilots,pilots,draft,IW328208,
e0e35c43-b6d1-4d78-92bf-e26fcf71b294,Replica IWC Pilot Watch IW344601,replica-iwc-pilot-watch-iw344601,Pilots,pilots,draft,IW344601,
565e5da6-b85f-412b-aa67-9f00e5c279db,Replica IWC Pilot Watch IW371807 Blue Dial,replica-iwc-pilot-watch-iw371807,Pilots,pilots,draft,IW371807,
b94dc1aa-30f3-4b09-95ba-e5008fe47eef,Replica IWC Pilot Watch IW387810,replica-iwc-pilot-watch-iw387810,Pilots,pilots,draft,IW387810,
12dda4d7-f5d2-413e-a843-b67c54ddcdaa,Replica IWC Pilot Watch IW387903,replica-iwc-pilot-watch-iw387903,Pilots,pilots,draft,IW387903,
b8b7948d-a56d-4f6c-9c5f-c2d699ba74cf,Replica IWC Pilot Watch IW388004,replica-iwc-pilot-watch-iw388004,Pilots,pilots,draft,IW388004,
66ca5b2f-10f0-4ed5-92a4-c4218377e3d5,Replica IWC Pilot Watch Mark XX IW328204,replica-iwc-pilot-watch-mark-xx-iw328204,Pilots,pilots,draft,IW328204,
5e2152db-d595-40ed-bc1d-bd9303171a8d,Zenith Pilot 11.2430.679/21.C801 Gray Dial,zenith-pilot-11-2430-679-21-c801,Pilots,pilots,draft,11.2430.679/21.C801,
bf8a9dfa-9a04-400b-8c2a-1cdd7b446fdb,Zenith Pilot 49.4000.3652/21.I001 Ceramic Automatic,zenith-pilot-49-4000-3652-21-i001,Pilots,pilots,draft,49.4000.3652/21.I001,
dd28b076-ec52-4a40-842c-288549049219,Zenith Pilot 96.2439.693/77.C809 Titanium 1:1 Watches,zenith-pilot-96-2439-693-77-c809,Pilots,pilots,draft,96.2439.693/77.C809,
818a98e2-eed8-4392-99e5-a315f03e5f76,Zenith Pilots 03.2240.4069/21.C774 Black Dial Automatic,zenith-pilots-03-2240-4069-21-c774,Pilots,pilots,draft,03.2240.4069/21.C774,
1f1b1971-3909-4ad9-af70-9834c904be30,Zenith Pilots 03.2400.4046/21.C721 Automatic,zenith-pilots-03-2400-4046-21-c721,Pilots,pilots,draft,03.2400.4046/21.C721,
d384f0fa-eefe-416a-8edc-5d384471a94a,Zenith Pilots 05.2430.4069/17.I011 1:1 Watches,zenith-pilots-05-2430-4069-17-i011,Pilots,pilots,draft,05.2430.4069/17.I011,
70b32e9e-5a40-4d12-99c2-42a835ed3cd3,Zenith Pilots 11.2240.405/21.C773 Automatic,zenith-pilots-11-2240-405-21-c773,Pilots,pilots,draft,11.2240.405/21.C773,
d7ecf862-65bc-4843-b1f3-e694c6d852f5,Zenith Pilots 18.2420.5011/21.C723 1:1 Watches,zenith-pilots-18-2420-5011-21-c723,Pilots,pilots,draft,18.2420.5011/21.C723,
ac6b6d6e-409c-4285-878b-98970c9caa03,Zenith Pilots 29.2240.405/18.C801 Automatic,zenith-pilots-29-2240-405-18-c801,Pilots,pilots,draft,29.2240.405/18.C801,
252fe67b-71e3-4c25-9f84-a7fcf7839bfc,Zenith Pilots 29.2430.679/21.C735 Bronze 1:1 Watches,zenith-pilots-29-2430-679-21-c735,Pilots,pilots,draft,29.2430.679/21.C735,
a65f26a5-590c-44b5-ae24-57132e4bd5b0,Zenith Pilots 29.2430.679/21.C753 Bronze 1:1 watches,zenith-pilots-29-2430-679-21-c753,Pilots,pilots,draft,29.2430.679/21.C753,
e547010b-5e86-421e-a620-61d765640f4f,Zenith Pilots 49.4000.3620/21.I001 Ceramic Automatic,zenith-pilots-49-4000-3620-21-i001,Pilots,pilots,draft,49.4000.3620/21.I001,
a11eee83-2b2c-4765-aacc-d9dac70514d4,Zenith PILOTS PORTER 49.4001.3652/63.I001 Ceramic Flyback,zenith-pilots-porter-49-4001-3652-63-i001,Pilots,pilots,draft,49.4001.3652/63.I001,
fc4e15d7-5df6-4d1f-b8ff-b1bed5266f8a,IWC Portofino Replica IW356511 18kt Rose Gold Automatic,iwc-portofino-iw356511-replica,Portofino,portofino,published,IW356511,
ef1d570c-5390-444f-a759-d497d04a665e,IWC Portofino Replica IW356514,iwc-portofino-iw356514,Portofino,portofino,published,IW356514,
8ee9ea7d-e166-41af-ac23-c9773c219587,IWC Portofino Replica IW356518 Blue Dial Automatic,iwc-portofino-iw356518-replica,Portofino,portofino,published,IW356518,
260b25e7-f8b3-4d90-8b4f-43b4687371cf,IWC Portofino Replica IW356523 Automatic Watch,iwc-portofino-iw356523-replica,Portofino,portofino,published,IW356523,
c9b289c8-02dd-41c1-bb32-1b51f9aa8883,IWC Portofino Replica IW357414 Ladies Rose Gold Watch,iwc-portofino-iw357414-ladies,Portofino,portofino,published,IW357414,
c7f186ab-210a-4525-b93f-b335e3a3ca50,IWC Portofino Replica IW391002 Black Dial Automatic,iwc-portofino-iw391002-replica,Portofino,portofino,published,IW391002,
e2a33b19-f6f7-4e52-ab07-0f8bfa8c8314,IWC Portofino Replica IW391005 Silver Automatic,iwc-portofino-iw391005-silver-automatic,Portofino,portofino,published,IW391005,
16154a43-f851-43b9-8968-9e22518e44ba,IWC Portofino Replica IW391010,iwc-portofino-iw391010,Portofino,portofino,published,IW391010,
ddee2409-cdf8-402d-8b52-1384c39b79b5,IWC Portofino Replica IW391015,iwc-portofino-iw391015-replica,Portofino,portofino,published,IW391015,
15047b08-481b-4d9e-afae-3ad288d68c0a,IWC Portofino Replica IW391019 Blue Dial Automatic,iwc-portofino-iw391019-blue-dial,Portofino,portofino,published,IW391019,
29dacb78-81b3-4521-9955-bbf7944eb7e1,IWC Portofino Replica IW391020 Rose Gold Watch,iwc-portofino-iw391020-replica,Portofino,portofino,published,IW391020,
4fc380a6-c511-4b7b-939e-063bb1130656,IWC Portofino Replica IW391021 18kt Rose Gold,iwc-portofino-iw391021-replica,Portofino,portofino,published,IW391021,
8a64d606-191e-4744-be08-65921a8126e5,IWC Portofino Replica IW391022,iwc-portofino-iw391022-replica,Portofino,portofino,published,IW391022,
011f4b3c-a6c0-4f89-9659-871cd002b58f,IWC Portofino Replica IW391025 Rose Gold,iwc-portofino-iw391025,Portofino,portofino,published,IW391025,
d7a9cce5-80fd-401e-947f-87bf8b5a351f,IWC Portofino Replica IW391027 (IW391007),iwc-portofino-iw391027-replica,Portofino,portofino,published,IW391027 (IW391007),
093ab160-4dd1-4e54-ba10-4bd3d1fe8655,IWC Portofino Replica IW391028,iwc-portofino-iw391028-replica,Portofino,portofino,published,IW391028,
0b0c7627-fc74-4a01-a958-e1786778f558,IWC Portofino Replica IW391404,iwc-portofino-iw391404-replica,Portofino,portofino,published,IW391404,
bb870e20-e439-4802-a815-0019d1828b45,IWC Portofino Replica IW458102 Automatic Dress Watch,iwc-portofino-iw458102-replica,Portofino,portofino,published,IW458102,
9c10abaf-34bb-48fa-86ee-95a7571b7a91,IWC Portofino Replica IW458110 Automatic Watch,iwc-portofino-iw458110-replica,Portofino,portofino,published,IW458110,
a41bffa4-f01c-4ce1-8df5-4b055fbb515d,IWC Portofino Replica IW458112,iwc-portofino-iw458112,Portofino,portofino,published,IW458112,
d48b1c62-2503-4fe9-9b63-dd5db3e10940,IWC Portofino Replica IW458603 Ladies Watch,iwc-portofino-iw458603-replica,Portofino,portofino,published,IW458603,
e46255f4-fa0b-4d86-b5d4-2aab7d235ebe,IWC Portofino Replica IW458606,iwc-portofino-iw458606-replica,Portofino,portofino,published,IW458606,
2d48aa50-4beb-4339-9edf-29af4a169743,IWC Portofino Replica IW458611,iwc-portofino-iw458611,Portofino,portofino,published,IW458611,
2924db8d-96b6-4e0e-99d8-20fb8bf10aaf,IWC Portofino Replica IW459001,iwc-portofino-iw459001-replica,Portofino,portofino,published,IW459001,
fa58c24e-de39-49da-bf16-9b2e5548a685,IWC Portofino Replica IW459002,iwc-portofino-iw459002-replica,Portofino,portofino,published,IW459002,
bd31f333-2a07-4bb9-9be2-de3c4a74670a,IWC Portofino Replica IW459005 Rose Gold & Diamonds,iwc-portofino-iw459005-rose-gold,Portofino,portofino,published,IW459005,
85097b6a-6663-46dd-9f6d-68a7daa90d72,IWC Portofino Replica IW459009 Rose Gold Watch,iwc-portofino-iw459009-rose-gold,Portofino,portofino,published,IW459009,
99bc0b45-e9cd-44c0-9da8-da1ab0c5d7f3,IWC Portofino Replica IW459102 Rose Gold,iwc-portofino-iw459102,Portofino,portofino,published,IW459102,
350c4aea-439c-486c-9ed7-0601cd92b387,IWC Portofino Replica IW459604 Red Dial Moon Phase,iwc-portofino-iw459604-red-dial,Portofino,portofino,published,IW459604,
b5cb20a5-05ca-478c-b205-d69181b49622,IWC Portofino Replica IW510104 Rose Gold Men's Watch,iwc-portofino-iw510104-replica,Portofino,portofino,published,IW510104,
6e43e103-bbf3-4316-a2ca-4691c21cc67b,IWC Portofino Replica IW510107,iwc-portofino-iw510107-replica,Portofino,portofino,published,IW510107,
fe6ac306-b7ac-4602-b1a3-69c446f15029,IWC Portofino Replica IW511102,iwc-portofino-iw511102-replica,Portofino,portofino,published,IW511102,
1d35de2d-0ea8-4b78-99ec-59e1a6a24111,IWC Portofino Replica IW515103 White Gold Watch,iwc-portofino-iw515103,Portofino,portofino,published,IW515103,
68a8abed-4795-417d-8367-d4da69ab5b7b,IWC Portofino Replica IW516101 White Gold,iwc-portofino-iw516101-replica,Portofino,portofino,published,IW516101,
56d08d5f-127e-4f91-b688-f5417563b101,IWC Portofino Replica IW516203 Rose Gold,iwc-portofino-iw516203-rose-gold,Portofino,portofino,published,IW516203,
6f6f57ec-65a0-4c4b-a88a-3bbe2ae11ed4,IWC Portofino Replica IW516401 White Dial Watch,iwc-portofino-iw516401-replica,Portofino,portofino,published,IW516401,
6452f94a-48bb-4537-8011-4695b6eedf1e,IWC Portofino Replica IW516405 (Ltd 350 Pcs),iwc-portofino-iw516405-replica,Portofino,portofino,published,IW516405 (LTD 350 PCS),
9a111dac-a419-44a8-a753-2b3f8d20f397,IWC Portofino Replica IW344001 Rose Gold Blue Dial,iwc-portofino-replica-iw344001,Portofino,portofino,published,IW344001,
e0ca734a-7a88-4663-ae0e-7ab97735f397,IWC Portofino Replica IW344602 18kt Rose Gold,iwc-portofino-replica-iw344602,Portofino,portofino,published,IW344602,
2a4eb667-2390-4784-8b96-718d431c0017,IWC Portofino Replica IW356501,iwc-portofino-replica-iw356501,Portofino,portofino,published,IW356501,
41653120-180a-42b1-99d9-1ac915bd9934,IWC Portofino Replica IW356502,iwc-portofino-replica-iw356502,Portofino,portofino,published,IW356502,
f1645b56-8400-418e-b0f1-ffb03e1345ae,IWC Portofino Replica IW356504,iwc-portofino-replica-iw356504,Portofino,portofino,published,IW356504,
7d69cef4-d6f2-4ca1-95f2-7a3795a5f57e,IWC Portofino Replica IW356505 Automatic,iwc-portofino-replica-iw356505,Portofino,portofino,published,IW356505,
c71a8ae9-b0db-4db4-8907-1da08332cb9a,IWC Portofino Replica IW356506 Automatic Watch,iwc-portofino-replica-iw356506,Portofino,portofino,published,IW356506,
331337fd-95b1-4f69-a394-5c9c1e204943,IWC Portofino Replica IW356508,iwc-portofino-replica-iw356508,Portofino,portofino,published,IW356508,
976ad96d-3c6b-4286-8f00-ed655be7b955,IWC Portofino Replica IW356515 Rose Gold Automatic,iwc-portofino-replica-iw356515,Portofino,portofino,published,IW356515,
a5f87077-0047-4244-8c37-d9bdec41a34b,IWC Portofino Replica IW356516 18kt Rose Gold,iwc-portofino-replica-iw356516,Portofino,portofino,published,IW356516,
c1fb81f7-3891-4a18-8d3c-6a637713f575,IWC Portofino Replica IW356517 Automatic Watch,iwc-portofino-replica-iw356517,Portofino,portofino,published,IW356517,
c2496a55-20ac-421b-989a-fe1711299e30,IWC Portofino Replica IW356519,iwc-portofino-replica-iw356519,Portofino,portofino,published,IW356519,
b781c626-e629-42ac-8f74-0e818f9a3703,IWC Portofino Replica IW356522 Rose Gold Automatic,iwc-portofino-replica-iw356522,Portofino,portofino,published,IW356522,
f6ca6fa8-bef0-4e13-99dc-e56c118eb7aa,IWC Portofino Replica IW356527,iwc-portofino-replica-iw356527,Portofino,portofino,published,IW356527,
afba88d0-bda9-4337-97a1-2cf1d030e064,IWC Portofino Replica IW357401 Ladies Rose Gold Watch,iwc-portofino-replica-iw357401,Portofino,portofino,published,IW357401,
580c7626-5421-4393-ba9d-9e0bd58d26ff,IWC Portofino Replica IW357403,iwc-portofino-replica-iw357403,Portofino,portofino,published,IW357403,
e5c900c4-ef5c-4caa-b3f2-d65f5c17f0f3,IWC Portofino Replica IW357405 Green Dial,iwc-portofino-replica-iw357405,Portofino,portofino,published,IW357405,
49626405-c004-4e2f-b4c6-1c8429acc8b2,IWC Portofino Replica IW357409 Ladies Rose Gold Watch,iwc-portofino-replica-iw357409,Portofino,portofino,published,IW357409,
a2224424-6db7-4101-82f1-6a7f2dff6f40,IWC Portofino Replica IW357411 Ladies Automatic,iwc-portofino-replica-iw357411,Portofino,portofino,published,IW357411,
d10eb667-c70e-41e2-b6fd-8ca3e06b0b22,IWC Portofino Replica IW357412 Green Dial Ladies Watch,iwc-portofino-replica-iw357412,Portofino,portofino,published,IW357412,
53ddaae0-16bd-4ea0-90ed-372afb0c9609,IWC Portofino Replica IW357413 Ladies Blue Dial Watch,iwc-portofino-replica-iw357413,Portofino,portofino,published,IW357413,
3d98d6eb-cb12-4402-bbef-e126952749ea,IWC Portofino Replica IW357416 Light Blue Ladies Watch,iwc-portofino-replica-iw357416,Portofino,portofino,published,IW357416,
d10b01af-9468-48dd-b222-83d6039c7d53,IWC Portofino Replica IW357417 Ladies Pink Dial Watch,iwc-portofino-replica-iw357417,Portofino,portofino,published,IW357417,
0c3b1a4f-45d1-41dd-a75a-981bc2fedee8,IWC Portofino Replica IW359001 Automatic Men's Watch,iwc-portofino-replica-iw359001,Portofino,portofino,published,IW359001,
2283b747-3dce-42fb-bc8a-37b9724dbdbe,IWC Portofino Replica IW359201 Mens Automatic Watch,iwc-portofino-replica-iw359201,Portofino,portofino,published,IW359201,
5d315be7-7661-4547-a70d-34e5cecf2840,IWC Portofino Replica IW391006,iwc-portofino-replica-iw391006,Portofino,portofino,published,IW391006,
1984280b-e421-4ea8-9077-99692d07d628,IWC Portofino Replica IW391007,iwc-portofino-replica-iw391007,Portofino,portofino,published,IW391007,
5b26bda0-ebb2-4409-b2b5-4db08b1d656a,IWC Portofino Replica IW391008,iwc-portofino-replica-iw391008,Portofino,portofino,published,IW391008,
0e894144-1c86-40b9-b27c-782c1d64d6b2,IWC Portofino Replica IW391009 Stainless Steel Automatic,iwc-portofino-replica-iw391009,Portofino,portofino,published,IW391009,
181c8780-9442-4d55-b62f-e48dc53f5e3b,IWC Portofino Replica IW391012,iwc-portofino-replica-iw391012,Portofino,portofino,published,IW391012,
e05670c3-ffdf-4c94-b3e5-5e105df8f839,IWC Portofino Replica IW391023,iwc-portofino-replica-iw391023,Portofino,portofino,published,IW391023,
bac1af57-1237-4575-a3e1-577b62f1a983,IWC Portofino Replica IW391024 Automatic Watch,iwc-portofino-replica-iw391024,Portofino,portofino,published,IW391024,
96faa668-32fd-4ac7-bc26-74055a402eea,IWC Portofino Replica IW391029 Automatic Watch,iwc-portofino-replica-iw391029,Portofino,portofino,published,IW391029 (IW391008),
f9e9f109-49c2-4fb2-bfd4-d1f33aa76b20,IWC Portofino Replica IW391031,iwc-portofino-replica-iw391031,Portofino,portofino,published,IW391031,
152ccdc3-9ee0-4d07-90d8-ef99578ae46a,IWC Portofino Replica IW391035,iwc-portofino-replica-iw391035,Portofino,portofino,published,IW391035,
8103447a-ea34-46a7-b299-a76bf9424332,IWC Portofino Replica IW391036 Blue Dial,iwc-portofino-replica-iw391036,Portofino,portofino,published,IW391036,
e39aa3ff-643b-4048-bed6-8e2d52cec828,IWC Portofino Replica IW391037 Automatic Watch,iwc-portofino-replica-iw391037,Portofino,portofino,published,IW391037,
ec95cf64-6461-457b-8fc5-48e1701d5d87,IWC Portofino Replica IW391405 Green Dial Watch,iwc-portofino-replica-iw391405,Portofino,portofino,published,IW391405,
36204c75-89c5-4c4f-853b-8934bba07437,IWC Portofino Replica IW391406 Automatic Watch,iwc-portofino-replica-iw391406,Portofino,portofino,published,IW391406,
5414dcba-c469-40d0-af0f-230d63dc4b36,IWC Portofino Replica IW391407 Automatic Watch,iwc-portofino-replica-iw391407,Portofino,portofino,published,IW391407,
de9202e1-01e0-4b6e-8485-bac60775f8f2,IWC Portofino Replica IW391502 White Dial Watch,iwc-portofino-replica-iw391502,Portofino,portofino,published,IW391502,
725ff555-8989-4386-b559-4febb3cd1755,IWC Portofino Replica IW458101,iwc-portofino-replica-iw458101,Portofino,portofino,published,IW458101,
dbd2e6b2-e07b-421a-a76f-87fa00937128,IWC Portofino Replica IW458103,iwc-portofino-replica-iw458103,Portofino,portofino,published,IW458103,
9055708b-e0c4-4d2e-a9df-b8f6c6f7c7ad,IWC Portofino Replica IW458104 Automatic Watch,iwc-portofino-replica-iw458104,Portofino,portofino,published,IW458104,
b3893406-45ff-49e4-921a-2f324fcb07fb,IWC Portofino Replica IW458105 18kt Rose Gold,iwc-portofino-replica-iw458105,Portofino,portofino,published,IW458105,
3697ba28-e7ea-4f7f-9b61-bc2620d6f256,IWC Portofino Replica IW458106 Rose Gold Automatic,iwc-portofino-replica-iw458106,Portofino,portofino,published,IW458106,
8b968d5a-b4ed-4ce0-acf8-9138a5087b11,IWC Portofino Replica IW458107 Rose Gold,iwc-portofino-replica-iw458107,Portofino,portofino,published,IW458107,
f0f815bb-5e95-4b7d-bf9b-2db1ac6b0baa,IWC Portofino Replica IW458108 Rose Gold Automatic,iwc-portofino-replica-iw458108,Portofino,portofino,published,IW458108,
210cd71b-7a1d-46df-a651-7c9ffd0d5c47,IWC Portofino Replica IW458111,iwc-portofino-replica-iw458111,Portofino,portofino,published,IW458111,
86b138a0-baee-459f-8cac-889f6553d6c5,IWC Portofino Replica IW458601 Ladies Automatic Watch,iwc-portofino-replica-iw458601,Portofino,portofino,published,IW458601,
2ad56954-d968-4c75-873d-194e7d415df4,IWC Portofino Replica IW459003 37mm Rose Gold,iwc-portofino-replica-iw459003,Portofino,portofino,published,IW459003,
999a293a-dc00-442b-83ed-1bc011b17d17,IWC Portofino Replica IW459004,iwc-portofino-replica-iw459004,Portofino,portofino,published,IW459004,
0fb20e67-d0ba-4ead-a044-dc35d012506f,IWC Portofino Replica IW459006,iwc-portofino-replica-iw459006,Portofino,portofino,published,IW459006,
835ef439-ded6-49af-ac6c-1c0e70c84826,IWC Portofino Replica IW459008 Automatic Watch,iwc-portofino-replica-iw459008,Portofino,portofino,published,IW459008,
5a48599a-e639-4f73-8720-f50b885835e5,IWC Portofino Replica IW459101,iwc-portofino-replica-iw459101,Portofino,portofino,published,IW459101,
dda4c046-acbb-4607-a133-a9794f917f49,IWC Portofino Replica IW459401 Automatic Men's Watch,iwc-portofino-replica-iw459401,Portofino,portofino,published,IW459401,
e68a7aae-1006-40b0-9ae3-989317367422,IWC Portofino Replica IW459402 Automatic Watch,iwc-portofino-replica-iw459402,Portofino,portofino,published,IW459402,
522f7bfc-2c78-4587-9a8b-8c584c8f04ac,IWC Portofino Replica IW459601 White Dial,iwc-portofino-replica-iw459601,Portofino,portofino,published,IW459601,
2f17e6fc-2e8a-46ac-9047-9b7bf61ce114,IWC Portofino Replica IW459801 Ladies Watch,iwc-portofino-replica-iw459801,Portofino,portofino,published,IW459801,
97819c64-8d49-4ea1-9195-05cc7ef5c12c,IWC Portofino Replica IW503001 Men's Automatic Watch,iwc-portofino-replica-iw503001,Portofino,portofino,published,IW503001,
e6e77eb7-588f-4067-b512-6e3f79f7fd0a,IWC Portofino Replica IW510103,iwc-portofino-replica-iw510103,Portofino,portofino,published,IW510103,
87f793e5-a282-4367-91ab-e92addef3d3f,IWC Portofino Replica IW510106,iwc-portofino-replica-iw510106,Portofino,portofino,published,IW510106,
229f9ce8-5710-4661-bb9a-de061de07656,IWC Portofino Replica IW510115,iwc-portofino-replica-iw510115,Portofino,portofino,published,IW510115,
76d12283-a4ee-4fc8-87eb-a8dc8f1982b0,IWC Portofino Replica IW511102 Rose Gold,iwc-portofino-replica-iw511102,Portofino,portofino,published,IW511102,
6d7e9d3b-80c0-4a8c-822b-bf1725024e2f,IWC Portofino Replica IW515104,iwc-portofino-replica-iw515104,Portofino,portofino,published,IW515104,
489d17f3-a4f2-406b-8a09-1a2bf67c8a32,IWC Portofino Replica IW516201,iwc-portofino-replica-iw516201,Portofino,portofino,published,IW516201,
60898367-fba3-4814-b31c-3e884cdb775e,IWC Portofino Replica IW516403 Rose Gold,iwc-portofino-replica-iw516403,Portofino,portofino,published,IW516403,
312ca9de-ae31-4038-ab35-e28b5c4c4b50,IWC Portofino Replica IW658601 Ladies Automatic Watch,iwc-portofino-replica-iw658601,Portofino,portofino,published,IW658601,
6431f20e-dfd2-4df9-895c-68d653407c14,IWC Portofino Replica IW658602 Ladies Diamond Watch,iwc-portofino-replica-iw658602,Portofino,portofino,published,IW658602,
54097f2f-5a21-4a0b-b748-ed88894e8233,IWC Portofino Replica IW658603 Ladies Rose Gold Watch,iwc-portofino-replica-iw658603,Portofino,portofino,published,IW658603,
32b4bef7-0352-4460-b857-cf92370f6f48,IWC Portofino Replica IW659602 Ladies Rose Gold,iwc-portofino-replica-iw659602,Portofino,portofino,published,IW659602,
46522289-9a72-4d2a-b634-c2477e184c58,IWC Portofino Replica IW659801 Blue Dial,iwc-portofino-replica-iw659801,Portofino,portofino,published,IW659801,
478288dc-67f7-4a9d-9e75-52367221127d,Replica IWC Portofino IW391408,replica-iwc-portofino-iw391408,Portofino,portofino,published,IW391408,
2bf91879-ca09-44d7-998a-5374d53c9613,IWC Portuguese Replica IW344202 Rose Gold,iwc-portuguese-iw344202-rose-gold,Portuguese,portuguese,published,IW344202,
c5da2645-273a-4fa7-9e10-93559ef158ef,IWC Portuguese Replica IW358303 Automatic,iwc-portuguese-iw358303-replica,Portuguese,portuguese,published,IW358303,
f58752ed-8220-457c-9320-4ec4d2458909,IWC Portuguese Replica IW358304 Automatic Watch,iwc-portuguese-iw358304,Portuguese,portuguese,published,IW358304,
16649d70-6064-40e1-8163-f4718d55b774,IWC Portuguese Replica IW358306 Rose Gold Watch,iwc-portuguese-iw358306-replica,Portuguese,portuguese,published,IW358306,
2632403e-d577-4f18-8618-291b7fb55832,IWC Portuguese Replica IW358312,iwc-portuguese-iw358312,Portuguese,portuguese,published,IW358312,
edea47b6-ea66-4cdf-8e60-9b03936fcaef,IWC Portuguese Replica IW371473,iwc-portuguese-iw371473-replica,Portuguese,portuguese,published,IW371473,
84012501-35da-4869-a91c-2664537eb878,IWC Portuguese Replica IW371474,iwc-portuguese-iw371474-replica,Portuguese,portuguese,published,IW371474,
d214d296-5841-4149-bd78-11b3cce76304,IWC Portuguese Replica IW371491 Blue Dial,iwc-portuguese-iw371491-replica,Portuguese,portuguese,published,IW371491,
19ea825c-d96d-4234-af7a-f328b1df728a,IWC Portuguese Replica IW371602,iwc-portuguese-iw371602-replica,Portuguese,portuguese,published,IW371602,
96e50acd-b4ff-4f93-9137-b0c47a998807,IWC Portuguese Replica IW371604,iwc-portuguese-iw371604-replica,Portuguese,portuguese,published,IW371604,
3337a250-a94e-4ac1-9070-f011be73e0ed,IWC Portuguese Replica IW371605,iwc-portuguese-iw371605-replica,Portuguese,portuguese,published,IW371605,
ceb4d5e0-b9c8-43c6-aff8-baac180a8932,IWC Portuguese Replica IW371610 Rose Gold,iwc-portuguese-iw371610-rose-gold,Portuguese,portuguese,published,IW371610,
b2ac3094-944e-4888-b50c-3a4067171f64,IWC Portuguese Replica IW371611 Rose Gold,iwc-portuguese-iw371611,Portuguese,portuguese,published,IW371611,
120fb533-6eab-481e-b2ad-eb3a128e29b3,IWC Portuguese Replica IW371615,iwc-portuguese-iw371615,Portuguese,portuguese,published,IW371615,
652b12bb-08fa-4773-8279-63b64555bc64,IWC Portuguese Replica IW371616,iwc-portuguese-iw371616-replica,Portuguese,portuguese,published,IW371616,
889fcf53-a7f9-4f73-be2d-249957ea3aba,IWC Portuguese Replica IW371626,iwc-portuguese-iw371626-replica,Portuguese,portuguese,published,IW371626,
ffd81e7e-a771-4575-8f60-2bd0cc7d7199,IWC Portuguese Replica IW371631 Black Chronograph,iwc-portuguese-iw371631-black-chronograph,Portuguese,portuguese,published,IW371631,
ad96ab75-9667-4b8b-8ba5-7d15a56fab8c,IWC Portuguese Replica IW390210,iwc-portuguese-iw390210-replica,Portuguese,portuguese,published,IW390210,
cfaea711-e51f-448a-8014-5869d45889ae,IWC Portuguese Replica IW390402 Rose Gold Watch,iwc-portuguese-iw390402-replica,Portuguese,portuguese,published,IW390402,
30f936c9-31d6-4526-9e83-a28c436b719e,IWC Portuguese Replica IW390405 18kt Rose Gold,iwc-portuguese-iw390405-rose-gold,Portuguese,portuguese,published,IW390405,
c7a2ce68-0f11-4a1a-8c04-27f101ba6b56,IWC Portuguese Replica IW390502,iwc-portuguese-iw390502,Portuguese,portuguese,published,IW390502,
fe3d3679-4a32-410a-8cc3-04ee1bc044f4,IWC Portuguese Replica IW390503,iwc-portuguese-iw390503,Portuguese,portuguese,published,IW390503,
e9abf214-0d44-44de-9e2b-9d2d27849d7e,IWC Portuguese Replica IW500107,iwc-portuguese-iw500107,Portuguese,portuguese,published,IW500107,
a8485bd1-a965-4e77-84d7-70d19e487d29,IWC Portuguese Replica IW500113 Rose Gold,iwc-portuguese-iw500113-rose-gold,Portuguese,portuguese,published,IW500113,
c8625877-a67e-461f-8b80-08e63ecb7a4c,IWC Portuguese Replica IW500114,iwc-portuguese-iw500114-replica,Portuguese,portuguese,published,IW500114,
eda930c7-9174-4894-8102-129ed4c450e3,IWC Portuguese Replica IW500124 Rose Gold Automatic,iwc-portuguese-iw500124-replica,Portuguese,portuguese,published,IW500124,
ae97a83a-f28b-40f0-bc4f-454342afbded,IWC Portuguese Replica IW500125 Rose Gold Automatic,iwc-portuguese-iw500125,Portuguese,portuguese,published,IW500125,
7541b859-8acb-4af6-8161-b574e5b27b2b,IWC Portuguese Replica IW500702 Rose Gold Automatic,iwc-portuguese-iw500702-replica,Portuguese,portuguese,published,IW500702,
122a8253-969f-4214-a7fa-0cdf4925b9db,IWC Portuguese Replica IW500705,iwc-portuguese-iw500705,Portuguese,portuguese,published,IW500705,
e0598b4a-c1a1-49bc-b5f7-204f80c1ce9b,IWC Portuguese Replica IW500710 Blue Dial Automatic,iwc-portuguese-iw500710-replica,Portuguese,portuguese,published,IW500710,
4542942e-730c-4327-832d-1072761aef37,IWC Portuguese Replica IW502306 Rose Gold Automatic,iwc-portuguese-iw502306-rose-gold,Portuguese,portuguese,published,IW502306,
36844a0f-3f84-463d-baea-e5640f438771,IWC Portuguese Replica IW503202,iwc-portuguese-iw503202-replica,Portuguese,portuguese,published,IW503202,
179bb7f1-966e-4a95-ba14-eee5c3e58c80,IWC Portuguese Replica IW503302 Rose Gold Watch,iwc-portuguese-iw503302,Portuguese,portuguese,published,IW503302,
d4a3d350-420b-4599-ad28-270de16da606,IWC Portuguese Replica IW503502,iwc-portuguese-iw503502-replica,Portuguese,portuguese,published,IW503502,
2581b6dc-e8e0-48e2-b6c4-6cd871116e29,IWC Portuguese Replica IW504402,iwc-portuguese-iw504402,Portuguese,portuguese,published,IW504402,
427ca307-5355-4209-909a-be5443b5d896,IWC Portuguese Replica IW510204,iwc-portuguese-iw510204-replica,Portuguese,portuguese,published,IW510204,
7c209d83-2f10-4408-914c-f88447377ff0,IWC Portuguese Replica IW544404,iwc-portuguese-iw544404,Portuguese,portuguese,published,IW544404,
f3ff2926-ead0-496d-bdd4-67631494d359,IWC Portuguese Replica IW544501,iwc-portuguese-iw544501,Portuguese,portuguese,published,IW544501,
4984c823-90c5-4ec7-b832-ed7d14c93515,IWC Portuguese Replica IW545404,iwc-portuguese-iw545404-replica,Portuguese,portuguese,published,IW545404,
44ee744f-b401-4d1a-b361-996e29754c69,IWC Portuguese Replica IW344203 Men's Watch,iwc-portuguese-replica-iw344203,Portuguese,portuguese,published,IW344203,
16980465-452b-4c59-afe3-eff3bf6e3dd6,IWC Portuguese Replica IW358305 Blue Dial Automatic,iwc-portuguese-replica-iw358305,Portuguese,portuguese,published,IW358305,
2f85b49a-35f4-4861-8634-74203c4c6d4d,IWC Portuguese Replica IW358310 Green Dial,iwc-portuguese-replica-iw358310,Portuguese,portuguese,published,IW358310,
125836e0-d856-4233-8390-eddc6ac4ae94,IWC Portuguese Replica IW358313,iwc-portuguese-replica-iw358313,Portuguese,portuguese,published,IW358313,
3798d787-efad-452b-9261-ecb3c22af3d8,IWC Portuguese Replica IW358315 Red Dial Men's Watch,iwc-portuguese-replica-iw358315,Portuguese,portuguese,published,IW358315,
9141791d-0a61-4bbc-9950-3a875d1b90b9,IWC Portuguese Replica IW371215,iwc-portuguese-replica-iw371215,Portuguese,portuguese,published,IW371215,
8f69c79d-65e9-481d-97e6-58e02bdb1bc9,IWC Portuguese Replica IW371217,iwc-portuguese-replica-iw371217,Portuguese,portuguese,published,IW371217,
2ecf54b2-106d-4a52-8cd4-cce260ff0632,IWC Portuguese Replica IW371413,iwc-portuguese-replica-iw371413,Portuguese,portuguese,published,IW371413,
2b4c3851-33e2-47a8-bded-a6ddfef31b40,IWC Portuguese Replica IW371445,iwc-portuguese-replica-iw371445,Portuguese,portuguese,published,IW371445,
c7914e8d-e149-43de-8573-5de82d27beb2,IWC Portuguese Replica IW371446,iwc-portuguese-replica-iw371446,Portuguese,portuguese,published,IW371446,
dda0b4bc-c64b-4a01-a09f-4e36626dc7ff,IWC Portuguese Replica IW371447,iwc-portuguese-replica-iw371447,Portuguese,portuguese,published,IW371447,
0613ffb0-a7f3-4428-9fb7-4d40ec7475f7,IWC Portuguese Replica IW371475,iwc-portuguese-replica-iw371475,Portuguese,portuguese,published,IW371475,
161500d0-e44f-41bc-a20a-85a086e7b84d,IWC Portuguese Replica IW371478 Rose Gold,iwc-portuguese-replica-iw371478,Portuguese,portuguese,published,IW371478,
07dc1fb0-6ff7-4f09-a7b5-1b03c200c07f,IWC Portuguese Replica IW371480 18kt Rose Gold,iwc-portuguese-replica-iw371480-rose-gold,Portuguese,portuguese,published,IW371480,
8bd801fe-6c24-4ed0-9ddb-ab8f1c32e75e,IWC Portuguese Replica IW371482,iwc-portuguese-replica-iw371482,Portuguese,portuguese,published,IW371482,
9ed38655-795c-443a-adae-26eeb1814263,IWC Portuguese Replica IW371606 Blue Dial,iwc-portuguese-replica-iw371606,Portuguese,portuguese,published,IW371606,
7450197c-51a7-461d-b1e7-9fa302fde860,IWC Portuguese Replica IW371609,iwc-portuguese-replica-iw371609,Portuguese,portuguese,published,IW371609,
0495a8c2-b441-45c6-aac0-524afa6342e8,IWC Portuguese Replica IW371614 Rose Gold,iwc-portuguese-replica-iw371614,Portuguese,portuguese,published,IW371614,
d6c761f4-40b8-4160-9e8b-809537e7f0c9,IWC Portuguese Replica IW371617,iwc-portuguese-replica-iw371617,Portuguese,portuguese,published,IW371617,
6f0b8962-c24b-43dd-a0c3-dce63cb91a03,IWC Portuguese Replica IW371620 Chronograph,iwc-portuguese-replica-iw371620,Portuguese,portuguese,published,IW371620,
9621042c-3e68-4142-9d9a-9820378b5f71,IWC Portuguese Replica IW371624,iwc-portuguese-replica-iw371624,Portuguese,portuguese,published,IW371624,
9e9e0a81-ed03-4e6f-9068-ae1d7e29624d,IWC Portuguese Replica IW390212,iwc-portuguese-replica-iw390212,Portuguese,portuguese,published,IW390212,
257708cb-6ab6-4b52-8826-44b60aa6c727,IWC Portuguese Replica IW390213,iwc-portuguese-replica-iw390213,Portuguese,portuguese,published,IW390213,
c54651e2-2bea-4202-8e5b-d4999c8de6f8,IWC Portuguese Replica IW390303 Blue Dial,iwc-portuguese-replica-iw390303,Portuguese,portuguese,published,IW390303,
766d5404-7d96-4c0d-bccb-ae12a1ed3386,IWC Portuguese Replica IW390403,iwc-portuguese-replica-iw390403,Portuguese,portuguese,published,IW390403,
0614c1fd-ea2b-4d68-b881-7d826cc1ff24,IWC Portuguese Replica IW390404 Dark Grey Automatic,iwc-portuguese-replica-iw390404,Portuguese,portuguese,published,IW390404,
451da49b-2966-41b4-9ec7-a2627e40150c,IWC Portuguese Replica IW390505 Rose Gold,iwc-portuguese-replica-iw390505,Portuguese,portuguese,published,IW390505,
e16a3cb2-0b8e-4f1f-ad02-4b2649c81e37,IWC Portuguese Replica IW390701 Blue Dial Steel Watch,iwc-portuguese-replica-iw390701,Portuguese,portuguese,published,IW390701,
97582364-6a7f-4f51-80e7-8e7f35465509,IWC Portuguese Replica IW390702,iwc-portuguese-replica-iw390702,Portuguese,portuguese,published,IW390702,
04248b93-5b30-4ebe-b234-c5c740c78665,IWC Portuguese Replica IW390704 Blue Dial,iwc-portuguese-replica-iw390704,Portuguese,portuguese,published,IW390704,
ba2ec8ca-e7fe-414d-82c7-e05f7e8ac4fb,IWC Portuguese Replica IW397202 Rose Gold,iwc-portuguese-replica-iw397202,Portuguese,portuguese,published,IW397202,
b322ecbd-d356-46d6-9cd3-3c27f97ca078,IWC Portuguese Replica IW500109,iwc-portuguese-replica-iw500109,Portuguese,portuguese,published,IW500109,
b996e518-6ada-495a-853c-99d0b178b2b2,IWC Portuguese Replica IW500701,iwc-portuguese-replica-iw500701,Portuguese,portuguese,published,IW500701,
4f47ad3e-d9c0-4386-941d-8c4c5cec5835,IWC Portuguese Replica IW500703 Automatic,iwc-portuguese-replica-iw500703,Portuguese,portuguese,published,IW500703,
ab5616cc-9576-4154-b415-09bf7af8b605,IWC Portuguese Replica IW500704 Automatic Watch,iwc-portuguese-replica-iw500704,Portuguese,portuguese,published,IW500704,
78b3174f-c1e4-4792-b3b6-967ef6217af7,IWC Portuguese Replica IW500708 Green Dial,iwc-portuguese-replica-iw500708,Portuguese,portuguese,published,IW500708,
be6760f2-25ab-4615-b5f8-d90d87f22f1f,IWC Portuguese Replica IW500712,iwc-portuguese-replica-iw500712,Portuguese,portuguese,published,IW500712,
1b0f1d17-0514-47d1-97ef-ef2df2e4d7e1,IWC Portuguese Replica IW500714,iwc-portuguese-replica-iw500714,Portuguese,portuguese,published,IW500714,
e3918c36-1a1d-4af1-b27b-e47774b232d1,IWC Portuguese Replica IW500715,iwc-portuguese-replica-iw500715,Portuguese,portuguese,published,IW500715,
b284f12e-81b1-4aeb-a6b6-c84e3c6852d8,IWC Portuguese Replica IW501701 Automatic,iwc-portuguese-replica-iw501701,Portuguese,portuguese,published,IW501701,
4adbe2e9-e91b-4815-b89b-33883428a95b,IWC Portuguese Replica IW501702 White Dial,iwc-portuguese-replica-iw501702,Portuguese,portuguese,published,IW501702,
5c04cc3f-f185-4dba-a532-69a07ca8720a,IWC Portuguese Replica IW502213,iwc-portuguese-replica-iw502213,Portuguese,portuguese,published,IW502213,
65f3202a-8c73-405b-9db6-86b7966071b7,IWC Portuguese Replica IW503301 White Gold,iwc-portuguese-replica-iw503301,Portuguese,portuguese,published,IW503301,
ea6e4ded-1775-4188-b0a3-79113545e5ec,IWC Portuguese Replica IW503307,iwc-portuguese-replica-iw503307,Portuguese,portuguese,published,IW503307,
6604e602-067b-4cc5-9558-31dd59e89125,IWC Portuguese Replica IW503401 White Gold Watch,iwc-portuguese-replica-iw503401,Portuguese,portuguese,published,IW503401,
136d65d8-c00d-4d92-8104-00aaa0791ed0,IWC Portuguese Replica IW503404 18kt Rose Gold,iwc-portuguese-replica-iw503404,Portuguese,portuguese,published,IW503404,
3a7790d3-a891-46e8-88cf-4f65e7e8fc74,IWC Portuguese Replica IW503501 Automatic Watch,iwc-portuguese-replica-iw503501,Portuguese,portuguese,published,IW503501,
1a07bf5f-1fb8-45e1-a9e9-d998a16de59f,IWC Portuguese Replica IW503504 18kt Rose Gold,iwc-portuguese-replica-iw503504,Portuguese,portuguese,published,IW503504,
70422737-dbf6-450e-8e77-38169e44ed47,IWC Portuguese Replica IW504602 Rose Gold,iwc-portuguese-replica-iw504602,Portuguese,portuguese,published,IW504602,
8fa29295-ec18-488f-867e-0edd2cab6722,IWC Portuguese Replica IW510202,iwc-portuguese-replica-iw510202,Portuguese,portuguese,published,IW510202,
7db7e8d5-5937-4cc1-8889-a7c182efaf4d,IWC Portuguese Replica IW510205,iwc-portuguese-replica-iw510205,Portuguese,portuguese,published,IW510205,
458c2f54-1189-47de-90f3-58af45dff82b,IWC Portuguese Replica IW510212,iwc-portuguese-replica-iw510212,Portuguese,portuguese,published,IW510212,
48c417f0-1f01-42c3-bd07-4cdf6e469f17,IWC Portuguese Replica IW544505,iwc-portuguese-replica-iw544505,Portuguese,portuguese,published,IW544505,
90a16aab-c49a-480a-9134-a96b79c441dc,IWC Portuguese Replica IW545406 Rose Gold,iwc-portuguese-replica-iw545406,Portuguese,portuguese,published,IW545406,
1153410c-ab06-4044-ba12-22f576a39f76,IWC Portuguese Replica IW546302 Rose Gold,iwc-portuguese-replica-iw546302,Portuguese,portuguese,published,IW546302,
075359eb-fac9-46af-bd6e-fe29fe66b38e,IWC Spitfire Replica IW326802 Bronze Automatic,iwc-spitfire-iw326802-bronze,Spitfire,spitfire,published,IW326802,
28303d38-a6f8-416b-8e71-ec474d4972c9,IWC Spitfire Replica IW326803,iwc-spitfire-iw326803,Spitfire,spitfire,published,IW326803,
88f4f200-f98a-45cf-b411-12a408a80527,IWC Spitfire Replica IW387902 Bronze Green Dial,iwc-spitfire-replica-iw387902,Spitfire,spitfire,published,IW387902,
